,game_id,home_ev,away_ev,home_prob,away_prob
0,2025_01_DAL_PHI,-0.131239950691061,0.27588763788174087,0.7032819446786649,0.2967180553213351
1,2025_01_KC_LAC,0.024069190998728618,-0.08540881055312038,0.4179874248974403,0.5820125751025598
2,2025_01_TB_ATL,0.2982495295159693,-0.37361540313141073,0.6649570760935453,0.33504292390645474
3,2025_01_CIN_CLE,0.19708270067356637,-0.15612299220576195,0.4057907459910394,0.5942092540089605
4,2025_01_MIA_IND,0.08919717320088771,-0.18229984918273406,0.575424921691035,0.424575078308965
5,2025_01_CAR_JAX,-0.22301103160751978,0.2899560852287285,0.5222384869523228,0.4777615130476772
6,2025_01_LV_NE,-0.25990289498705577,0.2653152237760211,0.4498629461843387,0.5501370538156614
7,2025_01_ARI_NO,0.41176932032764235,-0.23420676912179134,0.4411779126023882,0.5588220873976117
8,2025_01_PIT_NYJ,0.5027605713262199,-0.4297445881856552,0.6533741614461825,0.34662583855381746
9,2025_01_NYG_WAS,-0.1956971902732492,0.35246329945943733,0.6022166766295772,0.39778332337042277
10,2025_01_TEN_DEN,-0.18133624963909628,0.4797945425874769,0.671156768313894,0.32884323168610596
11,2025_01_SF_SEA,-0.191278039439566,0.08290183201210799,0.3779074582058103,0.6220925417941897
12,2025_01_DET_GB,0.03570751069375616,-0.12986273893864309,0.5649313694693215,0.43506863053067846
13,2025_01_HOU_LA,0.0030509988678997235,-0.1023139772517716,0.6259641571882382,0.37403584281176183
14,2025_01_BAL_BUF,0.3586786912108305,-0.3754435860017985,0.6469898529575383,0.3530101470424617
15,2025_01_MIN_CHI,-0.1403258388227086,0.047943870436329805,0.4463692759959013,0.5536307240040987
16,2025_02_WAS_GB,-0.03504347892731374,-0.050993225445807866,0.6263752856085858,0.3736247143914142
17,2025_02_CLE_BAL,-0.23938642872223148,1.2081345009500581,0.6845522141499917,0.3154477858500083
18,2025_02_JAX_CIN,-0.18227885078976913,0.20203288463785196,0.5376796597546724,0.46232034024532764
19,2025_02_NYG_DAL,-0.30434057965796923,0.5049630798161544,0.4898430237911341,0.5101569762088659
20,2025_02_CHI_DET,-0.15107452860576684,0.21764430463616913,0.6194861548011972,0.3805138451988028
21,2025_02_NE_MIA,-0.0896436283602221,0.013205243410252976,0.5057535397998766,0.4942464602001234
22,2025_02_SF_NO,0.1530178749927087,-0.1674265932431238,0.4804241145802953,0.5195758854197047
23,2025_02_BUF_NYJ,0.3369473636430258,-0.19187799466884206,0.39908876526657483,0.6009112347334251
24,2025_02_SEA_PIT,-0.243588921454147,0.30684790955448704,0.4973661886328896,0.5026338113671104
25,2025_02_LA_TEN,0.26846661467710065,-0.18224697067145604,0.4158906933367543,0.5841093066632457
26,2025_02_CAR_ARI,-0.0724506441106181,0.04538768014639183,0.7013178056724595,0.2986821943275405
27,2025_02_DEN_IND,-0.041250851213260775,-0.03850660886794871,0.456547213707971,0.543452786292029
28,2025_02_PHI_KC,0.0420560127275591,-0.11904088145397712,0.5158693132314649,0.4841306867685351
29,2025_02_ATL_MIN,0.026087006176569838,-0.14906840278377287,0.6596273611135092,0.34037263888649083
30,2025_02_TB_HOU,0.07466687745383715,-0.1811543016868663,0.6173618232181618,0.3826381767818382
31,2025_02_LAC_LV,0.2155843513780218,-0.18794791993926097,0.4604486179462204,0.5395513820537796
32,2025_03_MIA_BUF,-0.21619839276879918,0.971368491553062,0.6967125397610674,0.3032874602389326
33,2025_03_ATL_CAR,0.20306598188718417,-0.16529659900714988,0.4221284146972576,0.5778715853027424
34,2025_03_GB_CLE,1.1089006307738662,-0.3432346713881146,0.458456658863884,0.541543341136116
35,2025_03_HOU_JAX,-0.17208382143451373,0.10709546330041853,0.45995343253638127,0.5400465674636188
36,2025_03_CIN_MIN,-0.07515152358140792,0.010427215632228592,0.5718528747321066,0.42814712526789345
37,2025_03_PIT_NE,-0.20541626036870864,0.10496490533798297,0.3972918698156457,0.6027081301843543
38,2025_03_LA_PHI,0.04961486523534103,-0.20112309515374988,0.6973951118006628,0.3026048881993372
39,2025_03_NYJ_TB,-0.10962440223427092,0.161408023349636,0.6902911937734304,0.3097088062265696
40,2025_03_IND_TEN,0.654708516806435,-0.36853665074587766,0.551569505602145,0.448430494397855
41,2025_03_LV_WAS,0.08553376311260391,-0.21761877078291486,0.6598342481664847,0.3401657518335153
42,2025_03_DEN_LAC,-0.0006452460792033543,-0.09713713636378041,0.6074509288538176,0.3925490711461824
43,2025_03_NO_SEA,-0.26708906003887134,0.6644750951212172,0.5786138999693121,0.4213861000306879
44,2025_03_DAL_CHI,-0.12861977968192495,0.034885660208519464,0.42506352210637804,0.5749364778936219
45,2025_03_ARI_SF,-0.26656598402931325,0.21470014847782903,0.4074633422059371,0.592536657794063
46,2025_03_KC_NYG,0.35667130980651196,-0.1851156467245876,0.37685314161292,0.6231468583870801
47,2025_03_DET_BAL,-0.1378567378387299,0.16326000669990282,0.6122466644333657,0.38775333556663427
48,2025_04_SEA_ARI,-0.019109336275089817,-0.0612698510755309,0.4784832505975172,0.5215167494024828
49,2025_04_MIN_PIT,-0.062418011498483916,-0.025700811861655404,0.4185633877238911,0.5814366122761089
50,2025_04_WAS_ATL,0.004280655225970098,-0.09643502765534329,0.5892886489342469,0.41071135106575307
51,2025_04_NO_BUF,-0.2720478160060044,1.9002627341192784,0.677748585097858,0.32225141490214204
52,2025_04_CLE_DET,-0.1744781217460515,0.5375555869194992,0.6985185123687256,0.30148148763127436
53,2025_04_TEN_HOU,-0.15828888107412656,0.38230976622131296,0.6858386894951561,0.31416131050484386
54,2025_04_CAR_NE,-0.12971447125311042,0.15966891747543543,0.6318511373093856,0.3681488626906144
55,2025_04_LAC_NYG,0.18544487924927555,-0.1343926406283585,0.35922572098462896,0.640774279015371
56,2025_04_PHI_TB,0.5290069258998582,-0.386820544544498,0.6019712306692355,0.3980287693307645
57,2025_04_IND_LA,-0.05396602509247045,-0.01979426248788807,0.6140922293259402,0.3859077706740598
58,2025_04_JAX_SF,0.006084838107689838,-0.11692206124450155,0.6467688244978006,0.3532311755021994
59,2025_04_BAL_KC,-0.04733524874720363,-0.03698376662250691,0.4252967639521413,0.5747032360478588
60,2025_04_CHI_LV,0.15738829688619582,-0.26813667145372294,0.6429934982701088,0.35700650172989123
61,2025_04_NYJ_MIA,-0.24377852259216448,0.22910264439417083,0.4512934623240309,0.5487065376759691
62,2025_04_CIN_DEN,-0.18747568202361548,0.5181095167281695,0.6699761920156153,0.3300238079843847
63,2025_05_SF_LA,-0.31975298471756836,0.9611884785429858,0.554275345785685,0.44572465421431495
64,2025_05_MIN_CLE,0.2255955960096483,-0.19365527932903887,0.46424075606426074,0.5357592439357393
65,2025_05_HOU_BAL,0.041149947519969365,-0.10317684298067209,0.46479908371427203,0.535200916285728
66,2025_05_MIA_CAR,-0.03666738638815531,-0.04972156247752435,0.4816663068059223,0.5183336931940776
67,2025_05_LV_IND,-0.12135997586271582,0.2026194055341829,0.6876313232378746,0.31236867676212543
68,2025_05_NYG_NO,0.11926541907713628,-0.22101682081142138,0.6105084104057107,0.3894915895942893
69,2025_05_DAL_NYJ,-0.024704150099935818,-0.06611737149032176,0.5216698732023599,0.4783301267976401
70,2025_05_DEN_PHI,-0.2109829961839845,0.28548434236070486,0.5408984491568911,0.4591015508431089
71,2025_05_TEN_ARI,-0.17714163023866233,0.43566919859267683,0.6661234421877495,0.33387655781225045
72,2025_05_TB_SEA,-0.19143494783388498,0.20052045187588663,0.5197918192496453,0.48020818075035465
73,2025_05_DET_CIN,1.1729268352208213,-0.31195879545310295,0.4138908257563469,0.586109174243653
74,2025_05_WAS_LAC,0.11718215912738689,-0.2618644695251507,0.679071508489196,0.32092849151080405
75,2025_05_NE_BUF,-0.13179895989792295,0.25949174859532576,0.6928068905865059,0.3071931094134941
76,2025_05_KC_JAX,-0.03367131097888276,-0.045848540955564954,0.36603359432618077,0.6339664056738192
77,2025_06_PHI_NYG,0.5941564276246158,-0.2340891828800153,0.38881864088405266,0.6111813591159474
78,2025_06_DEN_NYJ,0.5291705776639929,-0.21422626486179464,0.3729684335765836,0.6270315664234164
79,2025_06_LA_BAL,0.5499974752781924,-0.24110367031251112,0.4078940724416296,0.5921059275583704
80,2025_06_DAL_CAR,0.3302954454680357,-0.28182215161215124,0.5429777328440962,0.45702226715590377
81,2025_06_ARI_IND,-0.1505816289978749,0.3781710208656238,0.700397604159647,0.299602395840353
82,2025_06_SEA_JAX,0.15001462168456436,-0.23166829626846414,0.589031879399411,0.41096812060058896
83,2025_06_LAC_MIA,0.3238818742204189,-0.24170545914584962,0.49032662008163663,0.5096733799183634
84,2025_06_NE_NO,0.23004110227300156,-0.19866186270776526,0.4730927316434621,0.5269072683565379
85,2025_06_CLE_PIT,-0.19790362234451828,0.33281990155627583,0.5899015687519151,0.41009843124808487
86,2025_06_TEN_LV,0.03440388386017185,-0.165496087810157,0.6714551526811642,0.3285448473188358
87,2025_06_CIN_GB,-0.2274542448416043,1.2326425784654838,0.7023143228712688,0.2976856771287312
88,2025_06_SF_TB,-0.040778194194213635,-0.03987508718578259,0.6307211873791472,0.3692788126208528
89,2025_06_DET_KC,0.1700288172048008,-0.31040083675528835,0.6865458348887674,0.3134541651112326
90,2025_06_BUF_ATL,0.21502241440390746,-0.18171966828038266,0.45000830163107686,0.5499916983689231
91,2025_06_CHI_WAS,-0.20309090915791658,0.3196427629734684,0.5743087861375908,0.42569121386240916
92,2025_07_PIT_CIN,0.6645129672713759,-0.3731387397396254,0.5548376557571253,0.4451623442428747
93,2025_07_LA_JAX,-0.08469724738618256,-0.008711175188944376,0.38137614692242394,0.6186238530775761
94,2025_07_NO_CHI,-0.0047516197327376886,-0.11370161183502137,0.689018109415797,0.310981890584203
95,2025_07_MIA_CLE,-0.03027164943583671,-0.056307833786417016,0.5787088543689362,0.42129114563106385
96,2025_07_LV_KC,-0.22508191678120462,1.1669063826957589,0.7011163610074815,0.29888363899251846
97,2025_07_PHI_MIN,0.03562069632755238,-0.09904057881646061,0.4623306680033716,0.5376693319966284
98,2025_07_CAR_NYJ,0.18141623963598785,-0.276130010419286,0.624144428486937,0.37585557151306304
99,2025_07_NE_TEN,0.5019992193502021,-0.25813658831351394,0.44835797592543347,0.5516420240745665
100,2025_07_NYG_DEN,-0.22939358210828878,0.6175557548626622,0.6238242430551948,0.3761757569448052
101,2025_07_IND_LAC,0.043160182193234975,-0.1424211771728749,0.5992622323237733,0.4007377676762267
102,2025_07_GB_ARI,0.5428589585933765,-0.21841011701372115,0.3763070630715552,0.6236929369284447
103,2025_07_WAS_DAL,-0.10821416893389468,0.03435502573026905,0.495436572814503,0.5045634271854971
104,2025_07_ATL_SF,0.11154404857137068,-0.20840092779933844,0.5945468166777099,0.4054531833222901
105,2025_07_TB_DET,-0.20667370752821268,0.35378226124798984,0.5834516119236954,0.41654838807630457
106,2025_07_HOU_SEA,-0.23498166540112936,0.25419810336770654,0.4774174569301223,0.5225825430698777
107,2025_08_MIN_LAC,0.004043792967869941,-0.10986524602585812,0.6321757214982885,0.3678242785017115
108,2025_08_MIA_ATL,-0.1017572817643207,0.13685840241773317,0.7008267362058597,0.29917326379414033
109,2025_08_CHI_BAL,-0.03436555368340233,-0.050835208237413165,0.5762657179631309,0.42373428203686914
110,2025_08_BUF_CAR,0.8742878043779776,-0.3197113079142321,0.45714336692145796,0.542856633078542
111,2025_08_NYJ_CIN,-0.04288318328250762,-0.038273826845392045,0.6897657505952878,0.3102342494047122
112,2025_08_SF_HOU,0.018588667150040872,-0.12402690132937083,0.6191421310127699,0.38085786898723006
113,2025_08_CLE_NE,-0.134525912412523,0.2593320559729895,0.6851669860067526,0.31483301399324737
114,2025_08_NYG_PHI,-0.15633642184962354,0.32839866919047456,0.6679003327023814,0.33209966729761864
115,2025_08_TB_NO,0.33234097802776785,-0.23539389091223817,0.47583606358134567,0.5241639364186543
116,2025_08_DAL_DEN,-0.07141599673229404,0.012502964276579487,0.6105757829705464,0.3894242170294536
117,2025_08_TEN_IND,-0.25472347977341736,2.1217624497568317,0.7026892904993494,0.29731070950065064
118,2025_08_GB_PIT,-0.07063567087087863,-0.01960141354256928,0.40407144744744405,0.595928552552556
119,2025_08_WAS_KC,-0.2358174285118549,0.9880414996872382,0.668659750052127,0.33134024994787303
120,2025_09_BAL_MIA,0.8563286508897145,-0.28340044016790794,0.41251747797549215,0.5874825220245079
121,2025_09_CHI_CIN,0.3744520818382774,-0.3246140548274447,0.5823949499314734,0.41760505006852655
122,2025_09_MIN_DET,-0.1830291166333464,0.5744564187023639,0.6912830551563992,0.3087169448436008
123,2025_09_CAR_GB,-0.2320694011332386,1.2641095531811721,0.6981187262425104,0.30188127375748963
124,2025_09_DEN_HOU,0.22115139388117855,-0.34075575414245324,0.6784174410450992,0.32158255895490084
125,2025_09_ATL_NE,-0.14095036028987912,0.17849899920295087,0.6136068855072292,0.3863931144927708
126,2025_09_SF_NYG,0.0462104050979949,-0.10696241694106756,0.46705821656160484,0.5329417834383952
127,2025_09_IND_PIT,-0.016685237101440653,-0.05585168637175869,0.38713179641675566,0.6128682035832443
128,2025_09_LAC_TEN,1.4190373945734163,-0.33583752926587374,0.4243925253637572,0.5756074746362427
129,2025_09_NO_LA,-0.23624759207978485,1.5074811070875427,0.7050022226955832,0.2949977773044168
130,2025_09_JAX_LV,0.18694343444109862,-0.23075820484048593,0.565211159257666,0.43478884074233404
131,2025_09_KC_BUF,0.028143148964317355,-0.09558200071517692,0.48044072381510156,0.5195592761848984
132,2025_09_SEA_WAS,-0.0706432716441876,-0.019547745632967795,0.41489139658741625,0.5851086034125837
133,2025_09_ARI_DAL,-0.025114386855018378,-0.06993529685785771,0.6203817538195338,0.37961824618046625
134,2025_10_LV_DEN,-0.19575646020101284,0.5830258408040514,0.6702029498324893,0.3297970501675107
135,2025_10_ATL_IND,-0.08399312580411891,0.07593302804260726,0.6925905634163979,0.3074094365836021
136,2025_10_NO_CAR,-0.1467338353918699,0.18217208409572283,0.6059426386347591,0.39405736136524094
137,2025_10_NYG_CHI,-0.14600695689976356,0.16076303928181035,0.5854417716850677,0.4145582283149323
138,2025_10_JAX_HOU,0.16075825800383914,-0.2419562110047368,0.5945347175141615,0.40546528248583846
139,2025_10_BUF_MIA,0.6642665262934064,-0.2313396444897878,0.36983700584297924,0.6301629941570208
140,2025_10_BAL_MIN,0.26361062511031763,-0.19039206339790832,0.4357278017621785,0.5642721982378215
141,2025_10_CLE_NYJ,0.23121825539241303,-0.2680593360448901,0.5862944073297205,0.4137055926702795
142,2025_10_NE_TB,-0.045429833807805964,-0.036044764096920034,0.5696628411146964,0.43033715888530355
143,2025_10_ARI_SEA,-0.11452396311724675,0.16834351273067372,0.6842314830457639,0.31576851695423613
144,2025_10_LA_SF,0.2102771378978876,-0.15413755359770404,0.3904119799670605,0.6095880200329395
145,2025_10_DET_WAS,0.6318465871514114,-0.22255182215825803,0.36263257492253587,0.6373674250774641
146,2025_10_PIT_LAC,0.0211759985265223,-0.1301374341857252,0.6314141670278497,0.3685858329721503
147,2025_10_PHI_GB,0.08900224005519752,-0.17991133096428846,0.5704297447908178,0.42957025520918224
148,2025_11_NYJ_NE,-0.22199509878726992,1.1466583265688777,0.7039091963353272,0.2960908036646728
149,2025_11_WAS_MIA,0.05003137903120741,-0.16365484990494306,0.6266316294218496,0.3733683705781504
150,2025_11_CAR_ATL,-0.07559174593076523,0.025601263258299034,0.6337138345506075,0.3662861654493925
151,2025_11_TB_BUF,-0.08485690528548936,0.06443615434026684,0.6774435895938585,0.32255641040614147
152,2025_11_LAC_JAX,0.10012074039073438,-0.14174134305648595,0.4783133653872758,0.5216866346127242
153,2025_11_CHI_MIN,-0.10963593168030211,0.0497842906074748,0.5313462988359487,0.46865370116405125
154,2025_11_GB_NYG,0.6844843080027406,-0.24257310243878097,0.3828373427278956,0.6171626572721044
155,2025_11_CIN_PIT,-0.08254175624679644,0.05125168325194929,0.655327316966574,0.344672683033426
156,2025_11_HOU_TEN,0.6548070564805248,-0.346216921971119,0.5253355734858809,0.4746644265141191
157,2025_11_SF_ARI,0.11628933811935338,-0.1321243724576346,0.4293420531228282,0.5706579468771718
158,2025_11_SEA_LA,-0.2518230886672476,0.28352417914939065,0.4761125799390243,0.5238874200609758
159,2025_11_BAL_CLE,1.4314494935313435,-0.4509208298072963,0.5526021576207599,0.4473978423792401
160,2025_11_KC_DEN,0.26357959041596646,-0.1995712807212931,0.4512784251485594,0.5487215748514406
161,2025_11_DET_PHI,-0.19270029877585276,0.17136335887682952,0.49071158309703067,0.5092884169029693
162,2025_11_DAL_LV,0.4613296686813483,-0.32804606915182466,0.5535339654096016,0.44646603459039835
163,2025_12_BUF_HOU,0.3204822537180627,-0.20346667520763495,0.4259620173284073,0.5740379826715927
164,2025_12_NYJ_BAL,-0.22941435691506407,1.2972689820837684,0.7035781958601589,0.2964218041398411
165,2025_12_PIT_CHI,0.0762828119720868,-0.2046855783060743,0.654211121002641,0.345788878997359
166,2025_12_NE_CIN,0.7095475924300212,-0.269358479933844,0.4169628274219564,0.5830371725780437
167,2025_12_NYG_DET,-0.27048814948492994,1.5879107099422758,0.6660760374268031,0.3339239625731969
168,2025_12_MIN_GB,-0.09785538410279068,0.10273462988682358,0.6708254836158736,0.3291745163841264
169,2025_12_IND_KC,-0.19296836718263177,0.25090531864238497,0.5532481004848625,0.4467518995151375
170,2025_12_SEA_TEN,1.9602813792000202,-0.3460320069923805,0.40831467299310625,0.5916853270068938
171,2025_12_JAX_ARI,0.09759308810034373,-0.15207468225538517,0.5128939664020298,0.4871060335979702
172,2025_12_CLE_LV,-0.17173731732093317,0.1513687448783938,0.5121318877633925,0.48786811223660753
173,2025_12_PHI_DAL,-0.04980323370046602,-0.03387621042707134,0.4026257484320059,0.5973742515679941
174,2025_12_ATL_NO,0.13931718689558914,-0.2447447186421125,0.626111246852531,0.37388875314746906
175,2025_12_TB_LA,-0.18430197184939323,0.40631009642508165,0.6439721274873211,0.35602787251267887
176,2025_12_CAR_SF,-0.1276898462444301,0.24604789089465573,0.6960858802695962,0.30391411973040383
177,2025_13_GB_DET,0.10472945341562356,-0.24445509859870507,0.6715022167820457,0.3284977832179543
178,2025_13_KC_DAL,0.0404594079158368,-0.09051060067251215,0.4096296881558413,0.5903703118441588
179,2025_13_CIN_BAL,-0.15911747446124105,0.32777422956992275,0.663854625425336,0.336145374574664
180,2025_13_CHI_PHI,-0.24089510751966625,0.5296501028630459,0.5865810532802579,0.4134189467197421
181,2025_13_LA_CAR,1.4623624454030122,-0.3766773169845244,0.4690214181720023,0.5309785818279977
182,2025_13_SF_CLE,0.1157805795705028,-0.11216157750777184,0.365829698219837,0.634170301780163
183,2025_13_HOU_IND,0.11249028612013345,-0.2751055692956404,0.7004568468163803,0.2995431531836197
184,2025_13_NO_MIA,-0.21647895878075388,0.34304344591521374,0.5596578865851758,0.4403421134148242
185,2025_13_ATL_NYJ,0.23513673675567848,-0.22225494974149218,0.5146403069815327,0.48535969301846726
186,2025_13_ARI_TB,-0.010667057353696052,-0.09538293885931548,0.6573420222951952,0.3426579777048048
187,2025_13_JAX_TEN,0.5938399602065347,-0.3121768348106687,0.49807498756454205,0.501925012435458
188,2025_13_MIN_SEA,-0.22700101473570622,1.130106392834949,0.6956990867378644,0.3043009132621356
189,2025_13_LV_LAC,-0.2031171657846723,0.7115708816319117,0.6830424293274238,0.31695757067257624
190,2025_13_BUF_PIT,-0.1387198102238204,0.02735810622373558,0.3588667457400748,0.6411332542599252
191,2025_13_DEN_WAS,0.35854273365908607,-0.19078573345642885,0.3881550667597389,0.6118449332402611
192,2025_13_NYG_NE,-0.14891915821201698,0.2959715854769477,0.671905927727355,0.328094072272645
193,2025_14_DAL_DET,0.01649127092971231,-0.1377823371510697,0.6683778219811807,0.3316221780188193
194,2025_14_SEA_ATL,0.36581950182392764,-0.17898285643431225,0.3594261846905073,0.6405738153094926
195,2025_14_PIT_BAL,-0.2974387196177239,0.5594244695938202,0.5126798532519312,0.4873201467480688
196,2025_14_TEN_CLE,0.0025485303547605476,-0.11937905426675399,0.6738440941728718,0.32615590582712817
197,2025_14_CHI_GB,-0.16460093913353485,0.27950947704509144,0.629127687813017,0.370872312186983
198,2025_14_IND_JAX,-0.07215019765297126,-0.014000358433893245,0.4335746739939387,0.5664253260060613
199,2025_14_WAS_MIN,-0.13215527304407682,0.038532567930860295,0.44450583575791186,0.5554941642420881
200,2025_14_MIA_NYJ,0.12307202259441818,-0.16446024856242675,0.5013714386582224,0.4986285613417776
201,2025_14_NO_TB,-0.23714844340152264,0.6445500577453002,0.6175464981987674,0.3824535018012326
202,2025_14_DEN_LV,0.9259517398497337,-0.2950011525043239,0.4186851608368986,0.5813148391631013
203,2025_14_LA_ARI,0.9764678477236879,-0.294116961930922,0.41176413494243497,0.588235865057565
204,2025_14_CIN_BUF,-0.1247923019787705,0.1619926234052821,0.6478810232105205,0.35211897678947945
205,2025_14_HOU_KC,0.0057692225585236345,-0.13057085990478867,0.6894895928231388,0.3105104071768612
206,2025_14_PHI_LAC,0.3117971223460416,-0.3691473621505381,0.6558985611730208,0.3441014388269792
207,2025_15_ATL_TB,-0.11405352702047111,0.1324004276798827,0.6515690991754207,0.3484309008245793
208,2025_15_CLE_CHI,-0.312256758290679,0.8053269962485649,0.5429551908231481,0.45704480917685186
209,2025_15_BAL_CIN,0.25541957875725085,-0.2430422934567894,0.5319574486259537,0.46804255137404627
210,2025_15_ARI_HOU,-0.18984479245688618,0.6738263777032054,0.6984096616750981,0.3015903383249019
211,2025_15_NYJ_JAX,-0.26749714063592833,1.5667460712390149,0.6688069585498045,0.33119304145019546
212,2025_15_LAC_KC,-0.10542434773001882,0.10144802601807001,0.6446941851554613,0.3553058148445387
213,2025_15_BUF_NE,0.34970267525764287,-0.34131897379113185,0.6135012160262013,0.38649878397379867
214,2025_15_WAS_NYG,0.05289654146417988,-0.16748492510566498,0.6283414844221719,0.37165851557782814
215,2025_15_LV_PHI,-0.25472291334812414,1.4185653182826645,0.6775246242289781,0.3224753757710219
216,2025_15_GB_DEN,0.27449366445921164,-0.3284271770408415,0.6309374576530751,0.3690625423469249
217,2025_15_DET_LA,-0.17653260154446548,0.24565641198603516,0.584781196004655,0.41521880399534505
218,2025_15_CAR_NO,-0.12764021060489006,0.023089925886862817,0.3894463345513884,0.6105536654486117
219,2025_15_IND_SEA,-0.23275352271352368,1.2687740185012977,0.6974967975331603,0.3025032024668397
220,2025_15_TEN_SF,-0.21728905316859853,1.0689210349621707,0.7044398521482613,0.2955601478517387
221,2025_15_MIN_DAL,-0.13581132993258221,0.1736123497567753,0.627424650870865,0.37257534912913504
222,2025_15_MIA_PIT,-0.14129225472599516,0.11119656077734696,0.5464503833561849,0.4535496166438151
223,2025_16_LA_SEA,0.04172895102088092,-0.13641298508822475,0.5724816757862499,0.42751832421375013
224,2025_16_GB_CHI,0.17159864716299866,-0.2755093251383899,0.63416807506988,0.36583192493011996
225,2025_16_PHI_WAS,0.5068656319628808,-0.21269441009354126,0.3767164079907202,0.6232835920092799
226,2025_16_NE_BAL,0.00425280922821164,-0.11578384230293559,0.6518834024814707,0.3481165975185293
227,2025_16_TB_CAR,0.19514316771083318,-0.20970969920410226,0.5196274642221014,0.4803725357778986
228,2025_16_BUF_CLE,0.9259934973321535,-0.2567438876022207,0.36685590425374354,0.6331440957462564
229,2025_16_LAC_DAL,0.23189519706829276,-0.3475146502950904,0.6769874506411339,0.32301254935886614
230,2025_16_NYJ_NO,-0.08570935789822648,0.07246412417709314,0.6845693752420314,0.31543062475796857
231,2025_16_MIN_NYG,-0.03548755918979496,-0.045846661803000954,0.4305859110759844,0.5694140889240156
232,2025_16_KC_TEN,-0.05322760078525235,-0.03368830341818063,0.37274503906092427,0.6272549609390757
233,2025_16_ATL_ARI,0.12548602400244957,-0.16626608938407184,0.5024491178582364,0.4975508821417636
234,2025_16_JAX_DEN,-0.057828164867100684,-0.01893154295720212,0.5995638950845723,0.4004361049154277
235,2025_16_PIT_DET,-0.2904330023042476,0.8300310699257379,0.5744113790870377,0.42558862091296235
236,2025_16_LV_HOU,-0.2722076241306387,2.1501894035824822,0.6849810596417518,0.3150189403582482
237,2025_16_CIN_MIA,0.022896069045244105,-0.07585058908545517,0.378850395942683,0.621149604057317
238,2025_16_SF_IND,0.16903347747752462,-0.14804815622642575,0.4101871850798332,0.5898128149201668
239,2025_17_DAL_WAS,1.156370347602155,-0.3390925869005387,0.44924382241711563,0.5507561775828844
240,2025_17_DET_MIN,0.46208590610580713,-0.20747439885185515,0.37976257301449534,0.6202374269855047
241,2025_17_DEN_KC,2.1109903565021995,-0.33331686679575445,0.38887379456277493,0.6111262054372251
242,2025_17_SEA_CAR,0.6686319379463618,-0.3143700972851285,0.48366143128880046,0.5163385687111995
243,2025_17_ARI_CIN,-0.20909847450372138,0.4506093289644708,0.6131708456094744,0.38682915439052556
244,2025_17_PIT_CLE,0.01663437479150265,-0.07240015232413427,0.37653124992277875,0.6234687500772212
245,2025_17_BAL_GB,0.06114426128106526,-0.16984077365373884,0.6226548971153358,0.37734510288466416
246,2025_17_JAX_IND,0.09177111226013224,-0.10888984247102218,0.3830775832491692,0.6169224167508308
247,2025_17_HOU_LAC,0.12068662860703971,-0.22093391255070155,0.6066101934661958,0.3933898065338042
248,2025_17_NYG_LV,0.4085290774794772,-0.34796667268158354,0.5968343548641852,0.40316564513581477
249,2025_17_TB_MIA,0.973587677816518,-0.5059090980141394,0.6470779271529568,0.35292207284704324
250,2025_17_NE_NYJ,1.6540463844633662,-0.2993464542557582,0.3660753633742574,0.6339246366257426
251,2025_17_NO_TEN,-0.1700660130115535,0.07256051192725732,0.4149669934942232,0.5850330065057767
252,2025_17_PHI_BUF,-0.030544277380388007,-0.05716327513225328,0.6103980475753112,0.38960195242468876
253,2025_17_CHI_SF,-0.002815234536005684,-0.10964513994859293,0.6702389407217011,0.3297610592782989
254,2025_17_LA_ATL,0.7260378406476982,-0.2819066865203257,0.43150946016192454,0.5684905398380755
255,2025_18_NO_ATL,0.029877506790518038,-0.16897442625754666,0.692212750465758,0.30778724953424197
256,2025_18_NYJ_BUF,-0.21091602293367742,0.9408481325056919,0.701407979614509,0.29859202038549104
257,2025_18_DET_CHI,0.05730437240266978,-0.19923916993286211,0.6796956679731448,0.32030433202685515
258,2025_18_CLE_CIN,-0.15554932477089942,0.38466169814129114,0.6922974004130464,0.30770259958695356
259,2025_18_LAC_DEN,-0.2525939780691387,1.9655903818271876,0.7034409618172812,0.2965590381827188
260,2025_18_IND_HOU,-0.18399303169512563,0.56249033036923,0.687501933926154,0.312498066073846
261,2025_18_TEN_JAX,-0.20618624418236148,0.8723506112997876,0.700423902192034,0.299576097807966
262,2025_18_ARI_LA,-0.24661594254761093,1.6871611737610155,0.701426536248776,0.29857346375122396
263,2025_18_KC_LV,0.48996504956462383,-0.3107035338924019,0.5227947542332013,0.4772052457667987
264,2025_18_GB_MIN,-0.20058839352996627,0.7509066640380335,0.6928233922740292,0.3071766077259708
265,2025_18_MIA_NE,-0.22486568291991466,1.2149932926357818,0.7046675609818958,0.29533243901810424
266,2025_18_DAL_NYG,0.10274027082789416,-0.1338577109443269,0.4594751128449559,0.5405248871550441
267,2025_18_WAS_PHI,0.0858130495774943,-0.24505668682097298,0.6980226747283892,0.3019773252716108
268,2025_18_BAL_PIT,0.06663779575130158,-0.09615170934763823,0.37425887570221106,0.6257411242977889
269,2025_18_SEA_SF,0.3628487272160066,-0.3438298876374567,0.6084146103642887,0.3915853896357113
270,2025_18_CAR_TB,-0.03698410505715749,-0.04633398645930731,0.5853626028083945,0.41463739719160553
271,2025_19_GB_CHI,0.38581504404700084,-0.3865231407097446,0.647577123386449,0.352422876613551
272,2025_19_BUF_JAX,-0.11234879971580158,0.034627199107937656,0.4878083172732982,0.5121916827267018
273,2025_19_SF_PHI,-0.05341227692049777,-0.014833155727710934,0.68724862086594,0.31275137913406004
274,2025_19_LAC_NE,0.06021553021578929,-0.21971765756509187,0.7044385066534439,0.2955614933465561
275,2025_19_HOU_PIT,0.23399400671134607,-0.2374992193867973,0.5365191333527591,0.46348086664724086
276,2025_19_LA_CAR,1.7507877408258516,-0.45561926257996566,0.539370145259971,0.46062985474002904
277,2025_20_BUF_DEN,-0.24693558908317104,0.17847518809073204,0.410762405954634,0.589237594045366
278,2025_20_SF_SEA,-0.09901764768245061,0.10911436981199674,0.6785175739675372,0.3214824260324628
279,2025_20_LA_CHI,0.5023814969689129,-0.34006568486995203,0.5564375914699677,0.44356240853003226
280,2025_20_HOU_NE,0.06870694340746075,-0.21756473047627617,0.6870258921905105,0.31297410780948953
281,2025_21_NE_DEN,0.2282349707547805,-0.18900030005457646,0.4549018410202891,0.5450981589797109
282,2025_21_LA_SEA,0.1798224658121646,-0.32304354677570346,0.6922925212616834,0.3077074787383166
283,2025_22_SEA_NE,0.6538697978097602,-0.3760261952139281,0.5606338297660204,0.4393661702339796
