season,week,home_team,away_team,home_prob,away_prob,home_moneyline,home_moneyline,away_moneyline,away_moneyline,home_ev,away_ev,predicted_winner,ev_pick,models_agree,game_key
2026,5,DAL,TB,0.7026802891151525,0.29731971088484754,-520,-520,390,390,-0.16218888605501053,0.45686658333575303,DAL,TB,False,2026_5_DAL_TB
2026,5,JAX,PHI,0.6859372467469698,0.31406275325303024,-345,-345,275,275,-0.1152403628915897,0.17773532469886333,JAX,PHI,False,2026_5_JAX_PHI
2026,5,GB,CHI,0.7219600757365077,0.27803992426349233,114,114,-135,-135,0.5449945620761263,-0.5160045762820689,GB,GB,True,2026_5_GB_CHI
2026,5,MIA,CIN,0.42823103594005846,0.5717689640599415,270,270,-340,-340,0.5844548329782164,-0.26006369356948744,CIN,MIA,False,2026_5_MIA_CIN
2026,5,NYJ,CLE,0.532606657608869,0.46739334239113095,-130,-130,110,110,-0.05769591346123165,-0.01847398097862496,NYJ,No Bet,False,2026_5_NYJ_CLE
2026,5,TEN,HOU,0.5903460004709665,0.4096539995290335,330,330,-425,-425,1.538487802025156,-0.49395682411119396,TEN,TEN,True,2026_5_TEN_HOU
2026,5,PIT,IND,0.6797176458324499,0.32028235416755013,-142,-142,120,120,0.15839204430600606,-0.2953788208313897,PIT,PIT,True,2026_5_PIT_IND
2026,5,NE,LV,0.6303204511226579,0.3696795488773421,-198,-198,164,164,-0.05133588669418154,-0.024045990963816877,NE,No Bet,False,2026_5_NE_LV
2026,5,NO,MIN,0.36515209358896683,0.6348479064110332,124,124,-148,-148,-0.18205931036071432,0.0637991945265961,MIN,MIN,True,2026_5_NO_MIN
2026,5,WAS,NYG,0.720704781399205,0.279295218600795,-185,-185,154,154,0.11027493350688344,-0.29059014475398076,WAS,WAS,True,2026_5_WAS_NYG
2026,5,LAC,DEN,0.5409376916668729,0.4590623083331271,154,154,-185,-185,0.37398173683385716,-0.2927959033786961,LAC,LAC,True,2026_5_LAC_DEN
2026,5,ARI,DET,0.5418891749484999,0.45811082505150014,210,210,-258,-258,0.6798564423403496,-0.36432683965722074,ARI,ARI,True,2026_5_ARI_DET
2026,5,SEA,SF,0.561162988158569,0.438837011841431,-162,-162,136,136,-0.09244010557070936,0.03565534794577718,SEA,No Bet,False,2026_5_SEA_SF
2026,5,ATL,BAL,0.6940771963215875,0.3059228036784125,-170,-170,142,142,0.10235790004016837,-0.25966681509824174,ATL,ATL,True,2026_5_ATL_BAL
2026,5,LA,BUF,0.6336053804877568,0.36639461951224317,-166,-166,140,140,0.015295368733393488,-0.12065291317061644,LA,No Bet,False,2026_5_LA_BUF
