rolling_passing_yards_home,rolling_passing_yards_missing_home,rolling_passing_tds_home,rolling_passing_tds_missing_home,rolling_passing_interceptions_home,rolling_passing_interceptions_missing_home,rolling_passing_epa_home,rolling_passing_epa_missing_home,rolling_passing_cpoe_home,rolling_passing_cpoe_missing_home,rolling_passing_40_home,rolling_passing_40_missing_home,rolling_rushing_yards_home,rolling_rushing_yards_missing_home,rolling_rushing_tds_home,rolling_rushing_tds_missing_home,rolling_rushing_epa_home,rolling_rushing_epa_missing_home,rolling_rushing_40_home,rolling_rushing_40_missing_home,rolling_receiving_yards_home,rolling_receiving_yards_missing_home,rolling_receiving_tds_home,rolling_receiving_tds_missing_home,rolling_receiving_epa_home,rolling_receiving_epa_missing_home,rolling_receiving_40_home,rolling_receiving_40_missing_home,rolling_receiving_yards_after_catch_home,rolling_receiving_yards_after_catch_missing_home,rolling_sack_fumbles_lost_home,rolling_sack_fumbles_lost_missing_home,rolling_rushing_fumbles_lost_home,rolling_rushing_fumbles_lost_missing_home,rolling_receiving_fumbles_lost_home,rolling_receiving_fumbles_lost_missing_home,rolling_def_sacks_home,rolling_def_sacks_missing_home,rolling_def_interceptions_home,rolling_def_interceptions_missing_home,rolling_def_tds_home,rolling_def_tds_missing_home,rolling_def_tackles_for_loss_home,rolling_def_tackles_for_loss_missing_home,rolling_fg_made_home,rolling_fg_made_missing_home,rolling_fg_att_home,rolling_fg_att_missing_home,rolling_pat_pct_home,rolling_pat_pct_missing_home,rolling_passing_yards_away,rolling_passing_yards_missing_away,rolling_passing_tds_away,rolling_passing_tds_missing_away,rolling_passing_interceptions_away,rolling_passing_interceptions_missing_away,rolling_passing_epa_away,rolling_passing_epa_missing_away,rolling_passing_cpoe_away,rolling_passing_cpoe_missing_away,rolling_passing_40_away,rolling_passing_40_missing_away,rolling_rushing_yards_away,rolling_rushing_yards_missing_away,rolling_rushing_tds_away,rolling_rushing_tds_missing_away,rolling_rushing_epa_away,rolling_rushing_epa_missing_away,rolling_rushing_40_away,rolling_rushing_40_missing_away,rolling_receiving_yards_away,rolling_receiving_yards_missing_away,rolling_receiving_tds_away,rolling_receiving_tds_missing_away,rolling_receiving_epa_away,rolling_receiving_epa_missing_away,rolling_receiving_40_away,rolling_receiving_40_missing_away,rolling_receiving_yards_after_catch_away,rolling_receiving_yards_after_catch_missing_away,rolling_sack_fumbles_lost_away,rolling_sack_fumbles_lost_missing_away,rolling_rushing_fumbles_lost_away,rolling_rushing_fumbles_lost_missing_away,rolling_receiving_fumbles_lost_away,rolling_receiving_fumbles_lost_missing_away,rolling_def_sacks_away,rolling_def_sacks_missing_away,rolling_def_interceptions_away,rolling_def_interceptions_missing_away,rolling_def_tds_away,rolling_def_tds_missing_away,rolling_def_tackles_for_loss_away,rolling_def_tackles_for_loss_missing_away,rolling_fg_made_away,rolling_fg_made_missing_away,rolling_fg_att_away,rolling_fg_att_missing_away,rolling_pat_pct_away,rolling_pat_pct_missing_away,season,week,weekday,home_rest,away_rest,spread_line,total_line,home_moneyline,away_moneyline,under_odds,over_odds,home_elo_pregame,away_elo_pregame,home_prob,away_prob,home_ev,away_ev,home_team,away_team,home_moneyline,away_moneyline,predicted_winner,ev_pick,models_agree
310.4,False,1.4,False,0.6,False,8.582569693485265,False,-0.7849293280347412,False,0.6,False,133.6,False,1.0,False,-0.2722097966034127,False,0.2,False,310.4,False,1.4,False,12.16210309674852,False,0.6,False,139.2,False,0.0,False,0.2,False,0.2,False,1.2,False,0.2,False,0.0,False,4.4,False,3.2,False,3.8,False,1.0,False,216.8,False,1.4,False,1.0,False,0.18738095549478992,False,-1.504455368608593,False,0.6,False,116.8,False,0.8,False,-0.3854990556533034,False,0.0,False,216.8,False,1.4,False,4.908832404637451,False,0.6,False,113.6,False,0.2,False,0.0,False,0.0,False,2.0,False,0.4,False,0.0,False,4.2,False,1.8,False,2.0,False,1.0,False,2026,5,Thursday,4,4,9.5,48.5,-520,390,-108.0,-112.0,1433.0911770286975,1468.32221706493,0.7026802891151525,0.29731971088484754,-0.16218888605501053,0.45686658333575303,DAL,TB,-520,390,DAL,TB,False
278.0,False,2.6,False,0.2,False,12.774691836659944,False,5.465036911471634,False,0.4,False,95.4,False,1.4,False,-3.2465783642443333,False,0.0,False,278.0,False,2.6,False,15.295569704855538,False,0.4,False,103.0,False,0.0,False,0.4,False,0.2,False,1.6,False,1.8,False,0.2,False,4.6,False,2.2,False,2.2,False,1.0,False,196.8,False,1.4,False,1.0,False,-0.6933699314491059,False,2.176347226004254,False,0.2,False,137.2,False,1.0,False,1.1803748125123323,False,0.4,False,196.8,False,1.4,False,3.1446536710204462,False,0.2,False,79.4,False,0.0,False,0.0,False,0.0,False,3.6,False,0.8,False,0.0,False,5.4,False,1.6,False,2.2,False,1.0,False,2026,5,Sunday,7,7,7.5,41.5,-345,275,-108.0,-112.0,1591.452278949479,1590.411653849938,0.6859372467469698,0.31406275325303024,-0.1152403628915897,0.17773532469886333,JAX,PHI,-345,275,JAX,PHI,False
207.6,False,1.2,False,0.8,False,2.6668321292496757,False,4.5142115158735265,False,0.6,False,126.2,False,0.8,False,-1.384157051754644,False,0.2,False,207.6,False,1.2,False,7.660962945668717,False,0.6,False,74.0,False,0.0,False,0.4,False,0.0,False,0.8,False,0.2,False,0.0,False,2.6,False,1.8,False,1.8,False,1.0,False,279.0,False,2.0,False,0.6,False,7.509304460279097,False,-1.3170010167412474,False,0.4,False,112.0,False,1.0,False,0.3039993577433284,False,0.0,False,279.0,False,2.0,False,12.301484725792715,False,0.4,False,110.4,False,0.0,False,0.0,False,0.0,False,2.4,False,1.0,False,0.2,False,3.4,False,1.6,False,1.8,False,1.0,False,2026,5,Sunday,7,7,-1.5,45.5,114,-135,-102.0,-118.0,1544.3727367580134,1537.3517339322716,0.7219600757365077,0.27803992426349233,0.5449945620761263,-0.5160045762820689,GB,CHI,114,-135,GB,GB,True
193.8,False,1.0,False,0.8,False,1.1366929790349947,False,1.3983924714405556,False,0.2,False,148.0,False,1.4,False,0.37412645970629316,False,0.2,False,193.8,False,1.0,False,4.328958106066962,False,0.2,False,108.2,False,0.0,False,0.0,False,0.2,False,3.6,False,1.2,False,0.0,False,5.0,False,1.8,False,1.8,False,1.0,False,282.4,False,2.4,False,0.8,False,7.757841042292102,False,6.325013898786444,False,0.2,False,103.0,False,1.2,False,-1.5256456347171146,False,0.0,False,282.4,False,2.4,False,12.488501020398349,False,0.2,False,128.8,False,0.0,False,0.2,False,0.0,False,2.6,False,0.8,False,0.0,False,3.8,False,1.6,False,1.6,False,0.9500000000000001,False,2026,5,Sunday,7,7,-6.5,42.5,270,-340,-110.0,-110.0,1432.9841530997826,1470.7439912088923,0.42823103594005846,0.5717689640599415,0.5844548329782164,-0.26006369356948744,MIA,CIN,270,-340,CIN,MIA,False
172.0,False,0.4,False,1.6,False,-13.296932329187763,False,-7.332571601703679,False,0.2,False,106.6,False,0.8,False,-0.8745565516583154,False,0.2,False,172.0,False,0.4,False,-6.028567845146742,False,0.2,False,82.6,False,0.2,False,0.0,False,0.0,False,1.4,False,0.0,False,0.0,False,4.8,False,1.6,False,1.8,False,1.0,False,206.6,False,1.2,False,1.6,False,-8.38150512040138,False,0.2667598510981913,False,1.0,False,97.4,False,0.4,False,-2.2248367275517005,False,0.0,False,206.6,False,1.2,False,-1.7343168532158053,False,1.0,False,117.6,False,0.0,False,0.2,False,0.2,False,1.8,False,0.2,False,0.0,False,5.0,False,1.2,False,1.2,False,1.0,False,2026,5,Sunday,7,10,2.5,39.5,-130,110,-108.0,-112.0,1283.3167881899142,1376.479249062253,0.532606657608869,0.46739334239113095,-0.05769591346123165,-0.01847398097862496,NYJ,CLE,-130,110,NYJ,No Bet,False
181.4,False,1.6,False,0.2,False,-5.851522703585761,False,-0.967795812579061,False,0.4,False,131.8,False,0.8,False,0.8640688336520416,False,0.2,False,181.4,False,1.6,False,0.6615587916885801,False,0.4,False,90.2,False,0.2,False,0.0,False,0.2,False,2.6,False,0.2,False,0.0,False,5.2,False,1.6,False,1.8,False,1.0,False,229.2,False,1.6,False,0.6,False,2.36516285850479,False,-1.9758796507074863,False,0.8,False,128.4,False,0.4,False,-3.2807128403358035,False,0.2,False,229.2,False,1.6,False,6.793913598403303,False,0.8,False,105.8,False,0.4,False,0.0,False,0.0,False,3.0,False,1.0,False,0.4,False,6.0,False,3.2,False,3.4,False,0.95,False,2026,5,Sunday,7,7,-7.5,38.5,330,-425,-115.0,-105.0,1272.3939763023518,1659.284942165613,0.5903460004709665,0.4096539995290335,1.538487802025156,-0.49395682411119396,TEN,HOU,330,-425,TEN,TEN,True
247.2,False,1.0,False,0.0,False,5.57601428491541,False,1.092048888650171,False,0.6,False,126.0,False,1.6,False,2.135763050179231,False,0.4,False,247.2,False,1.0,False,8.84382648626848,False,0.6,False,147.4,False,0.0,False,0.0,False,0.2,False,2.8,False,1.0,False,0.0,False,5.4,False,1.6,False,2.0,False,0.9166666666666666,False,190.0,False,1.2,False,1.2,False,-3.9571277619036054,False,-4.54045456551606,False,0.0,False,80.8,False,0.8,False,-3.3884721847896073,False,0.0,False,190.0,False,1.2,False,-0.20397397997315297,False,0.0,False,84.2,False,0.0,False,0.2,False,0.0,False,1.2,False,0.6,False,0.0,False,4.4,False,1.8,False,1.8,False,0.9,False,2026,5,Sunday,10,7,2.5,44.5,-142,120,-108.0,-112.0,1512.4852425863949,1441.3216992636326,0.6797176458324499,0.32028235416755013,0.15839204430600606,-0.2953788208313897,PIT,IND,-142,120,PIT,PIT,True
206.6,False,2.0,False,0.4,False,3.2442670650556678,False,4.72277395119864,False,0.4,False,158.0,False,1.2,False,-0.4675490213703076,False,0.2,False,206.6,False,2.0,False,10.416079835733989,False,0.4,False,106.8,False,0.4,False,0.2,False,0.0,False,3.4,False,1.4,False,0.2,False,6.2,False,1.0,False,1.8,False,1.0,False,167.0,False,1.4,False,1.0,False,-4.83627307040663,False,4.87604483907873,False,0.2,False,65.0,False,0.2,False,-4.908368505706311,False,0.2,False,167.0,False,1.4,False,2.668244706788963,False,0.2,False,76.4,False,0.0,False,0.0,False,0.0,False,1.8,False,0.2,False,0.0,False,5.8,False,0.4,False,0.4,False,1.0,False,2026,5,Sunday,7,7,3.5,45.5,-198,164,-115.0,-105.0,1630.356441597932,1263.0159647836185,0.6303204511226579,0.3696795488773421,-0.05133588669418154,-0.024045990963816877,NE,LV,-198,164,NE,No Bet,False
266.8,False,1.4,False,0.4,False,5.258284052832278,False,6.238816479725782,False,0.2,False,97.6,False,1.0,False,-2.742069385215268,False,0.0,False,266.8,False,1.4,False,11.319078683728037,False,0.2,False,118.2,False,0.2,False,0.2,False,0.2,False,3.4,False,0.6,False,0.0,False,6.4,False,2.2,False,2.8,False,1.0,False,150.0,False,1.0,False,1.2,False,-6.862185014806579,False,-1.9412260203159963,False,0.2,False,115.4,False,1.2,False,1.3446229304264246,False,0.2,False,150.0,False,1.0,False,2.256460204131494,False,0.2,False,79.0,False,0.2,False,0.0,False,0.2,False,3.6,False,1.0,False,0.0,False,5.0,False,1.8,False,1.8,False,1.0,False,2026,5,Sunday,6,7,-2.5,41.5,124,-148,-108.0,-112.0,1396.8277887295285,1579.0408292801314,0.36515209358896683,0.6348479064110332,-0.18205931036071432,0.0637991945265961,NO,MIN,124,-148,MIN,MIN,True
189.8,False,0.6,False,0.8,False,-4.110322434361713,False,-2.851121072613058,False,0.6,False,124.6,False,1.2,False,1.2285613733445362,False,0.2,False,189.8,False,0.6,False,1.9967913284825785,False,0.6,False,75.4,False,0.2,False,0.4,False,0.0,False,2.8,False,0.4,False,0.0,False,3.4,False,1.8,False,1.8,False,0.9166666666666666,False,204.8,False,1.2,False,0.6,False,-1.0792296006465834,False,-3.5386757557480486,False,0.6,False,132.4,False,1.0,False,1.1878464248330558,False,0.0,False,204.8,False,1.2,False,3.3922303479368594,False,0.6,False,95.8,False,0.0,False,0.0,False,0.0,False,3.2,False,0.8,False,0.0,False,6.6,False,1.2,False,1.6,False,1.0,False,2026,5,Sunday,7,7,3.5,41.5,-185,154,-105.0,-115.0,1445.154786957734,1378.6659155293125,0.720704781399205,0.279295218600795,0.11027493350688344,-0.29059014475398076,WAS,NYG,-185,154,WAS,WAS,True
204.2,False,1.0,False,0.8,False,-6.358201115388997,False,-0.16346943391205535,False,0.6,False,120.4,False,0.6,False,-1.371451240367092,False,0.0,False,204.2,False,1.0,False,3.581137285586164,False,0.6,False,87.6,False,0.4,False,0.0,False,0.0,False,2.2,False,1.6,False,0.0,False,6.0,False,2.4,False,2.6,False,0.875,False,251.2,False,1.8,False,0.6,False,4.304254636953049,False,-1.6584345775995502,False,0.4,False,100.8,False,0.6,False,-3.690698386632736,False,0.0,False,251.2,False,1.8,False,6.961584051649311,False,0.4,False,121.2,False,0.0,False,0.4,False,0.0,False,3.2,False,1.0,False,0.2,False,4.4,False,2.4,False,2.6,False,1.0,False,2026,5,Sunday,7,7,-3.5,41.5,154,-185,-105.0,-115.0,1537.194049285926,1658.6179363054248,0.5409376916668729,0.4590623083331271,0.37398173683385716,-0.2927959033786961,LAC,DEN,154,-185,LAC,LAC,True
247.2,False,2.0,False,0.8,False,-0.494538449334296,False,-3.100498944401993,False,0.0,False,78.4,False,0.0,False,-0.8925078382710948,False,0.0,False,247.2,False,2.0,False,4.2787354806308375,False,0.0,False,125.0,False,0.0,False,0.2,False,0.0,False,1.4,False,0.2,False,0.0,False,3.2,False,1.2,False,2.0,False,1.0,False,292.8,False,2.0,False,0.4,False,7.397965729084805,False,-0.9277423371809164,False,0.4,False,76.2,False,1.2,False,-5.890934378033938,False,0.0,False,292.8,False,2.0,False,13.197282669530896,False,0.4,False,128.2,False,0.2,False,0.6,False,0.0,False,3.0,False,0.6,False,0.0,False,3.6,False,1.6,False,2.0,False,1.0,False,2026,5,Sunday,7,7,-5.5,54.5,210,-258,-105.0,-115.0,1331.9829200590586,1590.1178674888574,0.5418891749484999,0.45811082505150014,0.6798564423403496,-0.36432683965722074,ARI,DET,210,-258,ARI,ARI,True
217.0,False,1.4,False,0.6,False,3.543497598157736,False,5.84185504416661,False,0.6,False,152.8,False,1.8,False,1.539624876872758,False,0.2,False,217.0,False,1.4,False,8.351902224465046,False,0.6,False,110.8,False,0.2,False,0.0,False,0.2,False,1.6,False,0.6,False,0.0,False,3.2,False,1.4,False,1.8,False,1.0,False,262.2,False,2.8,False,1.0,False,9.09794768259076,False,8.121694489001886,False,0.4,False,122.2,False,0.8,False,0.8439847312390791,False,0.2,False,262.2,False,2.8,False,11.801828247329563,False,0.4,False,97.2,False,0.2,False,0.0,False,0.0,False,1.0,False,0.2,False,0.2,False,4.0,False,1.4,False,1.6,False,0.9166666666666667,False,2026,5,Sunday,7,7,3.0,45.5,-162,136,-105.0,-115.0,1762.4951338915319,1585.9906336622353,0.561162988158569,0.438837011841431,-0.09244010557070936,0.03565534794577718,SEA,SF,-162,136,SEA,No Bet,False
218.4,False,1.4,False,0.6,False,4.148706994294615,False,-2.4532437138713825,False,0.4,False,153.8,False,1.0,False,-0.345547555983014,False,0.2,False,218.4,False,1.4,False,6.051266618549586,False,0.4,False,141.4,False,0.0,False,0.4,False,0.2,False,2.8,False,1.2,False,0.2,False,6.2,False,1.8,False,2.4,False,0.9166666666666667,False,177.6,False,0.8,False,0.6,False,-0.5959242980262948,False,4.332429558490263,False,0.4,False,201.4,False,2.0,False,7.2449431723798625,False,0.2,False,177.6,False,0.8,False,1.5963644564292205,False,0.4,False,71.4,False,0.4,False,0.2,False,0.6,False,2.0,False,0.8,False,0.2,False,3.2,False,1.4,False,1.6,False,0.9,False,2026,5,Sunday,6,7,3.0,43.5,-170,142,-105.0,-115.0,1452.269736043878,1570.5993834805545,0.6940771963215875,0.3059228036784125,0.10235790004016837,-0.25966681509824174,ATL,BAL,-170,142,ATL,ATL,True
309.4,False,2.4,False,0.8,False,9.133989129886775,False,-4.613028344295916,False,0.8,False,121.8,False,0.8,False,-1.093220354737945,False,0.0,False,309.4,False,2.4,False,12.20799023581744,False,0.8,False,132.2,False,0.0,False,0.0,False,0.0,False,2.4,False,1.4,False,0.0,False,4.0,False,2.2,False,2.4,False,1.0,False,223.4,False,1.6,False,0.0,False,4.765527843517953,False,6.621912538482607,False,0.2,False,148.4,False,2.0,False,3.1307870154676483,False,0.2,False,223.4,False,1.6,False,10.513469993736942,False,0.2,False,104.2,False,0.2,False,0.0,False,0.0,False,1.8,False,1.0,False,0.0,False,4.4,False,0.6,False,0.6,False,0.7333333333333333,False,2026,5,Monday,8,8,3.0,54.5,-166,140,-102.0,-118.0,1664.7770004286958,1663.428163893861,0.6336053804877568,0.36639461951224317,0.015295368733393488,-0.12065291317061644,LA,BUF,-166,140,LA,No Bet,False
